[{"name":"assets","qualifiedName":"assets","href":"assets/assets-library.html","type":"library","overriddenDepth":0,"packageName":"azs","desc":""},{"name":"kDefaultDataFormat","qualifiedName":"assets.kDefaultDataFormat","href":"assets/kDefaultDataFormat.html","type":"top-level property","overriddenDepth":0,"packageName":"azs","desc":"","enclosedBy":{"name":"assets","type":"library","href":"assets/assets-library.html"}},{"name":"kDefaultListKey","qualifiedName":"assets.kDefaultListKey","href":"assets/kDefaultListKey.html","type":"top-level property","overriddenDepth":0,"packageName":"azs","desc":"","enclosedBy":{"name":"assets","type":"library","href":"assets/assets-library.html"}},{"name":"kDefaultPadding","qualifiedName":"assets.kDefaultPadding","href":"assets/kDefaultPadding.html","type":"top-level property","overriddenDepth":0,"packageName":"azs","desc":"","enclosedBy":{"name":"assets","type":"library","href":"assets/assets-library.html"}},{"name":"auth_service","qualifiedName":"auth_service","href":"auth_service/auth_service-library.html","type":"library","overriddenDepth":0,"packageName":"azs","desc":"Класс репозитория методов для аутентификаций"},{"name":"AuthService","qualifiedName":"auth_service.AuthService","href":"auth_service/AuthService-class.html","type":"class","overriddenDepth":0,"packageName":"azs","desc":"Класс репозитория методов для аутентификаций","enclosedBy":{"name":"auth_service","type":"library","href":"auth_service/auth_service-library.html"}},{"name":"AuthService","qualifiedName":"auth_service.AuthService.AuthService","href":"auth_service/AuthService/AuthService.html","type":"constructor","overriddenDepth":0,"packageName":"azs","desc":"","enclosedBy":{"name":"AuthService","type":"class","href":"auth_service/AuthService-class.html"}},{"name":"registerWithEmailAndPassword","qualifiedName":"auth_service.AuthService.registerWithEmailAndPassword","href":"auth_service/AuthService/registerWithEmailAndPassword.html","type":"method","overriddenDepth":0,"packageName":"azs","desc":"регистрация с почтой и паролем","enclosedBy":{"name":"AuthService","type":"class","href":"auth_service/AuthService-class.html"}},{"name":"signInWithEmailAndPassword","qualifiedName":"auth_service.AuthService.signInWithEmailAndPassword","href":"auth_service/AuthService/signInWithEmailAndPassword.html","type":"method","overriddenDepth":0,"packageName":"azs","desc":"Авторация с почтой и паролем","enclosedBy":{"name":"AuthService","type":"class","href":"auth_service/AuthService-class.html"}},{"name":"signOut","qualifiedName":"auth_service.AuthService.signOut","href":"auth_service/AuthService/signOut.html","type":"method","overriddenDepth":0,"packageName":"azs","desc":"","enclosedBy":{"name":"AuthService","type":"class","href":"auth_service/AuthService-class.html"}},{"name":"userStream","qualifiedName":"auth_service.AuthService.userStream","href":"auth_service/AuthService/userStream.html","type":"property","overriddenDepth":0,"packageName":"azs","desc":"","enclosedBy":{"name":"AuthService","type":"class","href":"auth_service/AuthService-class.html"}},{"name":"column_model","qualifiedName":"column_model","href":"column_model/column_model-library.html","type":"library","overriddenDepth":0,"packageName":"azs","desc":"Моделька для бензоколонки"},{"name":"ColumnModel","qualifiedName":"column_model.ColumnModel","href":"column_model/ColumnModel-class.html","type":"class","overriddenDepth":0,"packageName":"azs","desc":"Моделька для бензоколонки","enclosedBy":{"name":"column_model","type":"library","href":"column_model/column_model-library.html"}},{"name":"ColumnModel","qualifiedName":"column_model.ColumnModel.ColumnModel","href":"column_model/ColumnModel/ColumnModel.html","type":"constructor","overriddenDepth":0,"packageName":"azs","desc":"","enclosedBy":{"name":"ColumnModel","type":"class","href":"column_model/ColumnModel-class.html"}},{"name":"column","qualifiedName":"column_model.ColumnModel.column","href":"column_model/ColumnModel/column.html","type":"property","overriddenDepth":0,"packageName":"azs","desc":"","enclosedBy":{"name":"ColumnModel","type":"class","href":"column_model/ColumnModel-class.html"}},{"name":"ColumnModel.fromJson","qualifiedName":"column_model.ColumnModel.fromJson","href":"column_model/ColumnModel/ColumnModel.fromJson.html","type":"constructor","overriddenDepth":0,"packageName":"azs","desc":"","enclosedBy":{"name":"ColumnModel","type":"class","href":"column_model/ColumnModel-class.html"}},{"name":"fuelType","qualifiedName":"column_model.ColumnModel.fuelType","href":"column_model/ColumnModel/fuelType.html","type":"property","overriddenDepth":0,"packageName":"azs","desc":"","enclosedBy":{"name":"ColumnModel","type":"class","href":"column_model/ColumnModel-class.html"}},{"name":"isColumn","qualifiedName":"column_model.ColumnModel.isColumn","href":"column_model/ColumnModel/isColumn.html","type":"property","overriddenDepth":0,"packageName":"azs","desc":"","enclosedBy":{"name":"ColumnModel","type":"class","href":"column_model/ColumnModel-class.html"}},{"name":"liter","qualifiedName":"column_model.ColumnModel.liter","href":"column_model/ColumnModel/liter.html","type":"property","overriddenDepth":0,"packageName":"azs","desc":"","enclosedBy":{"name":"ColumnModel","type":"class","href":"column_model/ColumnModel-class.html"}},{"name":"price","qualifiedName":"column_model.ColumnModel.price","href":"column_model/ColumnModel/price.html","type":"property","overriddenDepth":0,"packageName":"azs","desc":"","enclosedBy":{"name":"ColumnModel","type":"class","href":"column_model/ColumnModel-class.html"}},{"name":"toJson","qualifiedName":"column_model.ColumnModel.toJson","href":"column_model/ColumnModel/toJson.html","type":"method","overriddenDepth":0,"packageName":"azs","desc":"","enclosedBy":{"name":"ColumnModel","type":"class","href":"column_model/ColumnModel-class.html"}},{"name":"totalPrice","qualifiedName":"column_model.ColumnModel.totalPrice","href":"column_model/ColumnModel/totalPrice.html","type":"property","overriddenDepth":0,"packageName":"azs","desc":"","enclosedBy":{"name":"ColumnModel","type":"class","href":"column_model/ColumnModel-class.html"}},{"name":"detailPage","qualifiedName":"detailPage","href":"detailPage/detailPage-library.html","type":"library","overriddenDepth":0,"packageName":"azs","desc":"Страница показывает данные после скана QR"},{"name":"DetailPage","qualifiedName":"detailPage.DetailPage","href":"detailPage/DetailPage-class.html","type":"class","overriddenDepth":0,"packageName":"azs","desc":"Страница показывает данные после скана QR","enclosedBy":{"name":"detailPage","type":"library","href":"detailPage/detailPage-library.html"}},{"name":"DetailPage","qualifiedName":"detailPage.DetailPage.DetailPage","href":"detailPage/DetailPage/DetailPage.html","type":"constructor","overriddenDepth":0,"packageName":"azs","desc":"","enclosedBy":{"name":"DetailPage","type":"class","href":"detailPage/DetailPage-class.html"}},{"name":"createState","qualifiedName":"detailPage.DetailPage.createState","href":"detailPage/DetailPage/createState.html","type":"method","overriddenDepth":1,"packageName":"azs","desc":"Creates the mutable state for this widget at a given location in the tree.","enclosedBy":{"name":"DetailPage","type":"class","href":"detailPage/DetailPage-class.html"}},{"name":"firebase_options","qualifiedName":"firebase_options","href":"firebase_options/firebase_options-library.html","type":"library","overriddenDepth":0,"packageName":"azs","desc":""},{"name":"DefaultFirebaseOptions","qualifiedName":"firebase_options.DefaultFirebaseOptions","href":"firebase_options/DefaultFirebaseOptions-class.html","type":"class","overriddenDepth":0,"packageName":"azs","desc":"Default FirebaseOptions for use with your Firebase apps.","enclosedBy":{"name":"firebase_options","type":"library","href":"firebase_options/firebase_options-library.html"}},{"name":"DefaultFirebaseOptions","qualifiedName":"firebase_options.DefaultFirebaseOptions.DefaultFirebaseOptions","href":"firebase_options/DefaultFirebaseOptions/DefaultFirebaseOptions.html","type":"constructor","overriddenDepth":0,"packageName":"azs","desc":"","enclosedBy":{"name":"DefaultFirebaseOptions","type":"class","href":"firebase_options/DefaultFirebaseOptions-class.html"}},{"name":"android","qualifiedName":"firebase_options.DefaultFirebaseOptions.android","href":"firebase_options/DefaultFirebaseOptions/android-constant.html","type":"constant","overriddenDepth":0,"packageName":"azs","desc":"","enclosedBy":{"name":"DefaultFirebaseOptions","type":"class","href":"firebase_options/DefaultFirebaseOptions-class.html"}},{"name":"currentPlatform","qualifiedName":"firebase_options.DefaultFirebaseOptions.currentPlatform","href":"firebase_options/DefaultFirebaseOptions/currentPlatform.html","type":"property","overriddenDepth":0,"packageName":"azs","desc":"","enclosedBy":{"name":"DefaultFirebaseOptions","type":"class","href":"firebase_options/DefaultFirebaseOptions-class.html"}},{"name":"ios","qualifiedName":"firebase_options.DefaultFirebaseOptions.ios","href":"firebase_options/DefaultFirebaseOptions/ios-constant.html","type":"constant","overriddenDepth":0,"packageName":"azs","desc":"","enclosedBy":{"name":"DefaultFirebaseOptions","type":"class","href":"firebase_options/DefaultFirebaseOptions-class.html"}},{"name":"fuel_store","qualifiedName":"fuel_store","href":"fuel_store/fuel_store-library.html","type":"library","overriddenDepth":0,"packageName":"azs","desc":"модель для того чтобы подсчитать литры и сумму"},{"name":"FuelStore","qualifiedName":"fuel_store.FuelStore","href":"fuel_store/FuelStore-class.html","type":"class","overriddenDepth":0,"packageName":"azs","desc":"модель для того чтобы подсчитать литры и сумму","enclosedBy":{"name":"fuel_store","type":"library","href":"fuel_store/fuel_store-library.html"}},{"name":"FuelStore","qualifiedName":"fuel_store.FuelStore.FuelStore","href":"fuel_store/FuelStore/FuelStore.html","type":"constructor","overriddenDepth":0,"packageName":"azs","desc":"","enclosedBy":{"name":"FuelStore","type":"class","href":"fuel_store/FuelStore-class.html"}},{"name":"liter","qualifiedName":"fuel_store.FuelStore.liter","href":"fuel_store/FuelStore/liter.html","type":"property","overriddenDepth":0,"packageName":"azs","desc":"","enclosedBy":{"name":"FuelStore","type":"class","href":"fuel_store/FuelStore-class.html"}},{"name":"price","qualifiedName":"fuel_store.FuelStore.price","href":"fuel_store/FuelStore/price.html","type":"property","overriddenDepth":0,"packageName":"azs","desc":"","enclosedBy":{"name":"FuelStore","type":"class","href":"fuel_store/FuelStore-class.html"}},{"name":"toString","qualifiedName":"fuel_store.FuelStore.toString","href":"fuel_store/FuelStore/toString.html","type":"method","overriddenDepth":1,"packageName":"azs","desc":"A string representation of this object.","enclosedBy":{"name":"FuelStore","type":"class","href":"fuel_store/FuelStore-class.html"}},{"name":"totalPrice","qualifiedName":"fuel_store.FuelStore.totalPrice","href":"fuel_store/FuelStore/totalPrice.html","type":"property","overriddenDepth":0,"packageName":"azs","desc":"","enclosedBy":{"name":"FuelStore","type":"class","href":"fuel_store/FuelStore-class.html"}},{"name":"home_page","qualifiedName":"home_page","href":"home_page/home_page-library.html","type":"library","overriddenDepth":0,"packageName":"azs","desc":"страница домашняя где отопражается список счетов оплаченных"},{"name":"MyHome","qualifiedName":"home_page.MyHome","href":"home_page/MyHome-class.html","type":"class","overriddenDepth":0,"packageName":"azs","desc":"страница домашняя где отопражается список счетов оплаченных","enclosedBy":{"name":"home_page","type":"library","href":"home_page/home_page-library.html"}},{"name":"MyHome","qualifiedName":"home_page.MyHome.MyHome","href":"home_page/MyHome/MyHome.html","type":"constructor","overriddenDepth":0,"packageName":"azs","desc":"","enclosedBy":{"name":"MyHome","type":"class","href":"home_page/MyHome-class.html"}},{"name":"createState","qualifiedName":"home_page.MyHome.createState","href":"home_page/MyHome/createState.html","type":"method","overriddenDepth":1,"packageName":"azs","desc":"Creates the mutable state for this widget at a given location in the tree.","enclosedBy":{"name":"MyHome","type":"class","href":"home_page/MyHome-class.html"}},{"name":"login_page","qualifiedName":"login_page","href":"login_page/login_page-library.html","type":"library","overriddenDepth":0,"packageName":"azs","desc":"страница для логина"},{"name":"LoginPage","qualifiedName":"login_page.LoginPage","href":"login_page/LoginPage-class.html","type":"class","overriddenDepth":0,"packageName":"azs","desc":"страница для логина","enclosedBy":{"name":"login_page","type":"library","href":"login_page/login_page-library.html"}},{"name":"LoginPage","qualifiedName":"login_page.LoginPage.LoginPage","href":"login_page/LoginPage/LoginPage.html","type":"constructor","overriddenDepth":0,"packageName":"azs","desc":"","enclosedBy":{"name":"LoginPage","type":"class","href":"login_page/LoginPage-class.html"}},{"name":"createState","qualifiedName":"login_page.LoginPage.createState","href":"login_page/LoginPage/createState.html","type":"method","overriddenDepth":1,"packageName":"azs","desc":"Creates the mutable state for this widget at a given location in the tree.","enclosedBy":{"name":"LoginPage","type":"class","href":"login_page/LoginPage-class.html"}},{"name":"main","qualifiedName":"main","href":"main/main-library.html","type":"library","overriddenDepth":0,"packageName":"azs","desc":"Метод которые запускаем при запуске приложения"},{"name":"MyApp","qualifiedName":"main.MyApp","href":"main/MyApp-class.html","type":"class","overriddenDepth":0,"packageName":"azs","desc":"","enclosedBy":{"name":"main","type":"library","href":"main/main-library.html"}},{"name":"MyApp","qualifiedName":"main.MyApp.MyApp","href":"main/MyApp/MyApp.html","type":"constructor","overriddenDepth":0,"packageName":"azs","desc":"","enclosedBy":{"name":"MyApp","type":"class","href":"main/MyApp-class.html"}},{"name":"build","qualifiedName":"main.MyApp.build","href":"main/MyApp/build.html","type":"method","overriddenDepth":1,"packageName":"azs","desc":"This widget is the root of your application.","enclosedBy":{"name":"MyApp","type":"class","href":"main/MyApp-class.html"}},{"name":"main","qualifiedName":"main.main","href":"main/main.html","type":"function","overriddenDepth":0,"packageName":"azs","desc":"Метод которые запускаем при запуске приложения","enclosedBy":{"name":"main","type":"library","href":"main/main-library.html"}},{"name":"qr_page","qualifiedName":"qr_page","href":"qr_page/qr_page-library.html","type":"library","overriddenDepth":0,"packageName":"azs","desc":"Сраница скана QR"},{"name":"QRViewExample","qualifiedName":"qr_page.QRViewExample","href":"qr_page/QRViewExample-class.html","type":"class","overriddenDepth":0,"packageName":"azs","desc":"Сраница скана QR","enclosedBy":{"name":"qr_page","type":"library","href":"qr_page/qr_page-library.html"}},{"name":"QRViewExample","qualifiedName":"qr_page.QRViewExample.QRViewExample","href":"qr_page/QRViewExample/QRViewExample.html","type":"constructor","overriddenDepth":0,"packageName":"azs","desc":"","enclosedBy":{"name":"QRViewExample","type":"class","href":"qr_page/QRViewExample-class.html"}},{"name":"createState","qualifiedName":"qr_page.QRViewExample.createState","href":"qr_page/QRViewExample/createState.html","type":"method","overriddenDepth":1,"packageName":"azs","desc":"Creates the mutable state for this widget at a given location in the tree.","enclosedBy":{"name":"QRViewExample","type":"class","href":"qr_page/QRViewExample-class.html"}},{"name":"rounded_textfield","qualifiedName":"rounded_textfield","href":"rounded_textfield/rounded_textfield-library.html","type":"library","overriddenDepth":0,"packageName":"azs","desc":""},{"name":"RoundedTextField","qualifiedName":"rounded_textfield.RoundedTextField","href":"rounded_textfield/RoundedTextField-class.html","type":"class","overriddenDepth":0,"packageName":"azs","desc":"","enclosedBy":{"name":"rounded_textfield","type":"library","href":"rounded_textfield/rounded_textfield-library.html"}},{"name":"RoundedTextField","qualifiedName":"rounded_textfield.RoundedTextField.RoundedTextField","href":"rounded_textfield/RoundedTextField/RoundedTextField.html","type":"constructor","overriddenDepth":0,"packageName":"azs","desc":"","enclosedBy":{"name":"RoundedTextField","type":"class","href":"rounded_textfield/RoundedTextField-class.html"}},{"name":"actions","qualifiedName":"rounded_textfield.RoundedTextField.actions","href":"rounded_textfield/RoundedTextField/actions.html","type":"property","overriddenDepth":0,"packageName":"azs","desc":"","enclosedBy":{"name":"RoundedTextField","type":"class","href":"rounded_textfield/RoundedTextField-class.html"}},{"name":"autofocus","qualifiedName":"rounded_textfield.RoundedTextField.autofocus","href":"rounded_textfield/RoundedTextField/autofocus.html","type":"property","overriddenDepth":0,"packageName":"azs","desc":"","enclosedBy":{"name":"RoundedTextField","type":"class","href":"rounded_textfield/RoundedTextField-class.html"}},{"name":"autovalidateMode","qualifiedName":"rounded_textfield.RoundedTextField.autovalidateMode","href":"rounded_textfield/RoundedTextField/autovalidateMode.html","type":"property","overriddenDepth":0,"packageName":"azs","desc":"","enclosedBy":{"name":"RoundedTextField","type":"class","href":"rounded_textfield/RoundedTextField-class.html"}},{"name":"backgroundColor","qualifiedName":"rounded_textfield.RoundedTextField.backgroundColor","href":"rounded_textfield/RoundedTextField/backgroundColor.html","type":"property","overriddenDepth":0,"packageName":"azs","desc":"","enclosedBy":{"name":"RoundedTextField","type":"class","href":"rounded_textfield/RoundedTextField-class.html"}},{"name":"border","qualifiedName":"rounded_textfield.RoundedTextField.border","href":"rounded_textfield/RoundedTextField/border.html","type":"property","overriddenDepth":0,"packageName":"azs","desc":"","enclosedBy":{"name":"RoundedTextField","type":"class","href":"rounded_textfield/RoundedTextField-class.html"}},{"name":"borderRadius","qualifiedName":"rounded_textfield.RoundedTextField.borderRadius","href":"rounded_textfield/RoundedTextField/borderRadius.html","type":"property","overriddenDepth":0,"packageName":"azs","desc":"","enclosedBy":{"name":"RoundedTextField","type":"class","href":"rounded_textfield/RoundedTextField-class.html"}},{"name":"borderRadiusI","qualifiedName":"rounded_textfield.RoundedTextField.borderRadiusI","href":"rounded_textfield/RoundedTextField/borderRadiusI.html","type":"property","overriddenDepth":0,"packageName":"azs","desc":"","enclosedBy":{"name":"RoundedTextField","type":"class","href":"rounded_textfield/RoundedTextField-class.html"}},{"name":"controller","qualifiedName":"rounded_textfield.RoundedTextField.controller","href":"rounded_textfield/RoundedTextField/controller.html","type":"property","overriddenDepth":0,"packageName":"azs","desc":"","enclosedBy":{"name":"RoundedTextField","type":"class","href":"rounded_textfield/RoundedTextField-class.html"}},{"name":"createState","qualifiedName":"rounded_textfield.RoundedTextField.createState","href":"rounded_textfield/RoundedTextField/createState.html","type":"method","overriddenDepth":1,"packageName":"azs","desc":"Creates the mutable state for this widget at a given location in the tree.","enclosedBy":{"name":"RoundedTextField","type":"class","href":"rounded_textfield/RoundedTextField-class.html"}},{"name":"decoration","qualifiedName":"rounded_textfield.RoundedTextField.decoration","href":"rounded_textfield/RoundedTextField/decoration.html","type":"property","overriddenDepth":0,"packageName":"azs","desc":"","enclosedBy":{"name":"RoundedTextField","type":"class","href":"rounded_textfield/RoundedTextField-class.html"}},{"name":"disableShadow","qualifiedName":"rounded_textfield.RoundedTextField.disableShadow","href":"rounded_textfield/RoundedTextField/disableShadow.html","type":"property","overriddenDepth":0,"packageName":"azs","desc":"","enclosedBy":{"name":"RoundedTextField","type":"class","href":"rounded_textfield/RoundedTextField-class.html"}},{"name":"disabled","qualifiedName":"rounded_textfield.RoundedTextField.disabled","href":"rounded_textfield/RoundedTextField/disabled.html","type":"property","overriddenDepth":0,"packageName":"azs","desc":"","enclosedBy":{"name":"RoundedTextField","type":"class","href":"rounded_textfield/RoundedTextField-class.html"}},{"name":"focusNode","qualifiedName":"rounded_textfield.RoundedTextField.focusNode","href":"rounded_textfield/RoundedTextField/focusNode.html","type":"property","overriddenDepth":0,"packageName":"azs","desc":"","enclosedBy":{"name":"RoundedTextField","type":"class","href":"rounded_textfield/RoundedTextField-class.html"}},{"name":"height","qualifiedName":"rounded_textfield.RoundedTextField.height","href":"rounded_textfield/RoundedTextField/height.html","type":"property","overriddenDepth":0,"packageName":"azs","desc":"","enclosedBy":{"name":"RoundedTextField","type":"class","href":"rounded_textfield/RoundedTextField-class.html"}},{"name":"hide","qualifiedName":"rounded_textfield.RoundedTextField.hide","href":"rounded_textfield/RoundedTextField/hide.html","type":"property","overriddenDepth":0,"packageName":"azs","desc":"","enclosedBy":{"name":"RoundedTextField","type":"class","href":"rounded_textfield/RoundedTextField-class.html"}},{"name":"hintText","qualifiedName":"rounded_textfield.RoundedTextField.hintText","href":"rounded_textfield/RoundedTextField/hintText.html","type":"property","overriddenDepth":0,"packageName":"azs","desc":"","enclosedBy":{"name":"RoundedTextField","type":"class","href":"rounded_textfield/RoundedTextField-class.html"}},{"name":"hintTextStyle","qualifiedName":"rounded_textfield.RoundedTextField.hintTextStyle","href":"rounded_textfield/RoundedTextField/hintTextStyle.html","type":"property","overriddenDepth":0,"packageName":"azs","desc":"","enclosedBy":{"name":"RoundedTextField","type":"class","href":"rounded_textfield/RoundedTextField-class.html"}},{"name":"inputFormatters","qualifiedName":"rounded_textfield.RoundedTextField.inputFormatters","href":"rounded_textfield/RoundedTextField/inputFormatters.html","type":"property","overriddenDepth":0,"packageName":"azs","desc":"","enclosedBy":{"name":"RoundedTextField","type":"class","href":"rounded_textfield/RoundedTextField-class.html"}},{"name":"inputTextStyle","qualifiedName":"rounded_textfield.RoundedTextField.inputTextStyle","href":"rounded_textfield/RoundedTextField/inputTextStyle.html","type":"property","overriddenDepth":0,"packageName":"azs","desc":"","enclosedBy":{"name":"RoundedTextField","type":"class","href":"rounded_textfield/RoundedTextField-class.html"}},{"name":"key","qualifiedName":"rounded_textfield.RoundedTextField.key","href":"rounded_textfield/RoundedTextField/key.html","type":"property","overriddenDepth":0,"packageName":"azs","desc":"Controls how one widget replaces another widget in the tree.","enclosedBy":{"name":"RoundedTextField","type":"class","href":"rounded_textfield/RoundedTextField-class.html"}},{"name":"keyboardType","qualifiedName":"rounded_textfield.RoundedTextField.keyboardType","href":"rounded_textfield/RoundedTextField/keyboardType.html","type":"property","overriddenDepth":0,"packageName":"azs","desc":"","enclosedBy":{"name":"RoundedTextField","type":"class","href":"rounded_textfield/RoundedTextField-class.html"}},{"name":"labelStyleOnDisabled","qualifiedName":"rounded_textfield.RoundedTextField.labelStyleOnDisabled","href":"rounded_textfield/RoundedTextField/labelStyleOnDisabled.html","type":"property","overriddenDepth":0,"packageName":"azs","desc":"","enclosedBy":{"name":"RoundedTextField","type":"class","href":"rounded_textfield/RoundedTextField-class.html"}},{"name":"labelText","qualifiedName":"rounded_textfield.RoundedTextField.labelText","href":"rounded_textfield/RoundedTextField/labelText.html","type":"property","overriddenDepth":0,"packageName":"azs","desc":"","enclosedBy":{"name":"RoundedTextField","type":"class","href":"rounded_textfield/RoundedTextField-class.html"}},{"name":"leadingIcon","qualifiedName":"rounded_textfield.RoundedTextField.leadingIcon","href":"rounded_textfield/RoundedTextField/leadingIcon.html","type":"property","overriddenDepth":0,"packageName":"azs","desc":"","enclosedBy":{"name":"RoundedTextField","type":"class","href":"rounded_textfield/RoundedTextField-class.html"}},{"name":"maxLength","qualifiedName":"rounded_textfield.RoundedTextField.maxLength","href":"rounded_textfield/RoundedTextField/maxLength.html","type":"property","overriddenDepth":0,"packageName":"azs","desc":"","enclosedBy":{"name":"RoundedTextField","type":"class","href":"rounded_textfield/RoundedTextField-class.html"}},{"name":"maxLines","qualifiedName":"rounded_textfield.RoundedTextField.maxLines","href":"rounded_textfield/RoundedTextField/maxLines.html","type":"property","overriddenDepth":0,"packageName":"azs","desc":"","enclosedBy":{"name":"RoundedTextField","type":"class","href":"rounded_textfield/RoundedTextField-class.html"}},{"name":"minLines","qualifiedName":"rounded_textfield.RoundedTextField.minLines","href":"rounded_textfield/RoundedTextField/minLines.html","type":"property","overriddenDepth":0,"packageName":"azs","desc":"","enclosedBy":{"name":"RoundedTextField","type":"class","href":"rounded_textfield/RoundedTextField-class.html"}},{"name":"numLimit","qualifiedName":"rounded_textfield.RoundedTextField.numLimit","href":"rounded_textfield/RoundedTextField/numLimit.html","type":"property","overriddenDepth":0,"packageName":"azs","desc":"","enclosedBy":{"name":"RoundedTextField","type":"class","href":"rounded_textfield/RoundedTextField-class.html"}},{"name":"obscureText","qualifiedName":"rounded_textfield.RoundedTextField.obscureText","href":"rounded_textfield/RoundedTextField/obscureText.html","type":"property","overriddenDepth":0,"packageName":"azs","desc":"","enclosedBy":{"name":"RoundedTextField","type":"class","href":"rounded_textfield/RoundedTextField-class.html"}},{"name":"onChange","qualifiedName":"rounded_textfield.RoundedTextField.onChange","href":"rounded_textfield/RoundedTextField/onChange.html","type":"property","overriddenDepth":0,"packageName":"azs","desc":"","enclosedBy":{"name":"RoundedTextField","type":"class","href":"rounded_textfield/RoundedTextField-class.html"}},{"name":"onSubmitted","qualifiedName":"rounded_textfield.RoundedTextField.onSubmitted","href":"rounded_textfield/RoundedTextField/onSubmitted.html","type":"property","overriddenDepth":0,"packageName":"azs","desc":"","enclosedBy":{"name":"RoundedTextField","type":"class","href":"rounded_textfield/RoundedTextField-class.html"}},{"name":"prefixIcon","qualifiedName":"rounded_textfield.RoundedTextField.prefixIcon","href":"rounded_textfield/RoundedTextField/prefixIcon.html","type":"property","overriddenDepth":0,"packageName":"azs","desc":"","enclosedBy":{"name":"RoundedTextField","type":"class","href":"rounded_textfield/RoundedTextField-class.html"}},{"name":"readOnly","qualifiedName":"rounded_textfield.RoundedTextField.readOnly","href":"rounded_textfield/RoundedTextField/readOnly.html","type":"property","overriddenDepth":0,"packageName":"azs","desc":"","enclosedBy":{"name":"RoundedTextField","type":"class","href":"rounded_textfield/RoundedTextField-class.html"}},{"name":"shadow","qualifiedName":"rounded_textfield.RoundedTextField.shadow","href":"rounded_textfield/RoundedTextField/shadow.html","type":"property","overriddenDepth":0,"packageName":"azs","desc":"","enclosedBy":{"name":"RoundedTextField","type":"class","href":"rounded_textfield/RoundedTextField-class.html"}},{"name":"validator","qualifiedName":"rounded_textfield.RoundedTextField.validator","href":"rounded_textfield/RoundedTextField/validator.html","type":"property","overriddenDepth":0,"packageName":"azs","desc":"","enclosedBy":{"name":"RoundedTextField","type":"class","href":"rounded_textfield/RoundedTextField-class.html"}},{"name":"value","qualifiedName":"rounded_textfield.RoundedTextField.value","href":"rounded_textfield/RoundedTextField/value.html","type":"property","overriddenDepth":0,"packageName":"azs","desc":"","enclosedBy":{"name":"RoundedTextField","type":"class","href":"rounded_textfield/RoundedTextField-class.html"}},{"name":"routes","qualifiedName":"routes","href":"routes/routes-library.html","type":"library","overriddenDepth":0,"packageName":"azs","desc":"создание путей для работы с АПП"},{"name":"logger","qualifiedName":"routes.logger","href":"routes/logger.html","type":"top-level property","overriddenDepth":0,"packageName":"azs","desc":"Логгер чтобы выводить касивые логи на консоль","enclosedBy":{"name":"routes","type":"library","href":"routes/routes-library.html"}},{"name":"routes","qualifiedName":"routes.routes","href":"routes/routes.html","type":"top-level property","overriddenDepth":0,"packageName":"azs","desc":"роутер чтоб задать маршруты и подмаршруты используется пакет go_router","enclosedBy":{"name":"routes","type":"library","href":"routes/routes-library.html"}},{"name":"service_locator","qualifiedName":"service_locator","href":"service_locator/service_locator-library.html","type":"library","overriddenDepth":0,"packageName":"azs","desc":"Синглотон обьект для всего проекта"},{"name":"serviceLocator","qualifiedName":"service_locator.serviceLocator","href":"service_locator/serviceLocator.html","type":"top-level property","overriddenDepth":0,"packageName":"azs","desc":"Синглотон обьект для всего проекта","enclosedBy":{"name":"service_locator","type":"library","href":"service_locator/service_locator-library.html"}},{"name":"serviceLocatorSetup","qualifiedName":"service_locator.serviceLocatorSetup","href":"service_locator/serviceLocatorSetup.html","type":"function","overriddenDepth":0,"packageName":"azs","desc":"Метод для регистраций синглтонов для проекта","enclosedBy":{"name":"service_locator","type":"library","href":"service_locator/service_locator-library.html"}},{"name":"sign_up","qualifiedName":"sign_up","href":"sign_up/sign_up-library.html","type":"library","overriddenDepth":0,"packageName":"azs","desc":"страница регистраций"},{"name":"SignUp","qualifiedName":"sign_up.SignUp","href":"sign_up/SignUp-class.html","type":"class","overriddenDepth":0,"packageName":"azs","desc":"страница регистраций","enclosedBy":{"name":"sign_up","type":"library","href":"sign_up/sign_up-library.html"}},{"name":"SignUp","qualifiedName":"sign_up.SignUp.SignUp","href":"sign_up/SignUp/SignUp.html","type":"constructor","overriddenDepth":0,"packageName":"azs","desc":"","enclosedBy":{"name":"SignUp","type":"class","href":"sign_up/SignUp-class.html"}},{"name":"createState","qualifiedName":"sign_up.SignUp.createState","href":"sign_up/SignUp/createState.html","type":"method","overriddenDepth":1,"packageName":"azs","desc":"Creates the mutable state for this widget at a given location in the tree.","enclosedBy":{"name":"SignUp","type":"class","href":"sign_up/SignUp-class.html"}},{"name":"store","qualifiedName":"store","href":"store/store-library.html","type":"library","overriddenDepth":0,"packageName":"azs","desc":"singleton класс для работы c колонками"},{"name":"ColumnFuelStore","qualifiedName":"store.ColumnFuelStore","href":"store/ColumnFuelStore-class.html","type":"class","overriddenDepth":0,"packageName":"azs","desc":"singleton класс для работы","enclosedBy":{"name":"store","type":"library","href":"store/store-library.html"}},{"name":"ColumnFuelStore","qualifiedName":"store.ColumnFuelStore.ColumnFuelStore","href":"store/ColumnFuelStore/ColumnFuelStore.html","type":"constructor","overriddenDepth":0,"packageName":"azs","desc":"","enclosedBy":{"name":"ColumnFuelStore","type":"class","href":"store/ColumnFuelStore-class.html"}},{"name":"columnFuelList","qualifiedName":"store.ColumnFuelStore.columnFuelList","href":"store/ColumnFuelStore/columnFuelList.html","type":"property","overriddenDepth":0,"packageName":"azs","desc":"Дефолтный массив для списка покупок","enclosedBy":{"name":"ColumnFuelStore","type":"class","href":"store/ColumnFuelStore-class.html"}},{"name":"getFromQr","qualifiedName":"store.ColumnFuelStore.getFromQr","href":"store/ColumnFuelStore/getFromQr.html","type":"method","overriddenDepth":1,"packageName":"azs","desc":"Парсит данные с QR и конвертирует его модель с помощью метода fromJson","enclosedBy":{"name":"ColumnFuelStore","type":"class","href":"store/ColumnFuelStore-class.html"}},{"name":"init","qualifiedName":"store.ColumnFuelStore.init","href":"store/ColumnFuelStore/init.html","type":"method","overriddenDepth":1,"packageName":"azs","desc":"инициализация данных и настроек","enclosedBy":{"name":"ColumnFuelStore","type":"class","href":"store/ColumnFuelStore-class.html"}},{"name":"liter","qualifiedName":"store.ColumnFuelStore.liter","href":"store/ColumnFuelStore/liter.html","type":"property","overriddenDepth":0,"packageName":"azs","desc":"","enclosedBy":{"name":"ColumnFuelStore","type":"class","href":"store/ColumnFuelStore-class.html"}},{"name":"pay","qualifiedName":"store.ColumnFuelStore.pay","href":"store/ColumnFuelStore/pay.html","type":"method","overriddenDepth":1,"packageName":"azs","desc":"стод оплаты который сохроняет обьект в кеш и в список","enclosedBy":{"name":"ColumnFuelStore","type":"class","href":"store/ColumnFuelStore-class.html"}},{"name":"price","qualifiedName":"store.ColumnFuelStore.price","href":"store/ColumnFuelStore/price.html","type":"property","overriddenDepth":0,"packageName":"azs","desc":"","enclosedBy":{"name":"ColumnFuelStore","type":"class","href":"store/ColumnFuelStore-class.html"}},{"name":"selectedcolumnFuel","qualifiedName":"store.ColumnFuelStore.selectedcolumnFuel","href":"store/ColumnFuelStore/selectedcolumnFuel.html","type":"property","overriddenDepth":0,"packageName":"azs","desc":"","enclosedBy":{"name":"ColumnFuelStore","type":"class","href":"store/ColumnFuelStore-class.html"}},{"name":"setColumn","qualifiedName":"store.ColumnFuelStore.setColumn","href":"store/ColumnFuelStore/setColumn.html","type":"method","overriddenDepth":1,"packageName":"azs","desc":"","enclosedBy":{"name":"ColumnFuelStore","type":"class","href":"store/ColumnFuelStore-class.html"}},{"name":"setFuelType","qualifiedName":"store.ColumnFuelStore.setFuelType","href":"store/ColumnFuelStore/setFuelType.html","type":"method","overriddenDepth":1,"packageName":"azs","desc":"","enclosedBy":{"name":"ColumnFuelStore","type":"class","href":"store/ColumnFuelStore-class.html"}},{"name":"setLiter","qualifiedName":"store.ColumnFuelStore.setLiter","href":"store/ColumnFuelStore/setLiter.html","type":"method","overriddenDepth":1,"packageName":"azs","desc":"","enclosedBy":{"name":"ColumnFuelStore","type":"class","href":"store/ColumnFuelStore-class.html"}},{"name":"setPrice","qualifiedName":"store.ColumnFuelStore.setPrice","href":"store/ColumnFuelStore/setPrice.html","type":"method","overriddenDepth":1,"packageName":"azs","desc":"","enclosedBy":{"name":"ColumnFuelStore","type":"class","href":"store/ColumnFuelStore-class.html"}},{"name":"toString","qualifiedName":"store.ColumnFuelStore.toString","href":"store/ColumnFuelStore/toString.html","type":"method","overriddenDepth":1,"packageName":"azs","desc":"A string representation of this object.","enclosedBy":{"name":"ColumnFuelStore","type":"class","href":"store/ColumnFuelStore-class.html"}},{"name":"totalPrice","qualifiedName":"store.ColumnFuelStore.totalPrice","href":"store/ColumnFuelStore/totalPrice.html","type":"property","overriddenDepth":0,"packageName":"azs","desc":"","enclosedBy":{"name":"ColumnFuelStore","type":"class","href":"store/ColumnFuelStore-class.html"}}]
